	Unnamed: 0	gene_id	Name	gene_id_known	known	n_ss	transcript_novelty	gene_novelty	n_genes	n_genes_no_rt	Name_supp	n_supp_ss	gene_id_known_rt	Name_supp_rt	n_supp_ss_rt	gid	n_supp_total_ss	n_supp_total_ss_rt	perc_supp_ss	perc_supp_ss_rt	perc_supp_annot_ss	perc_supp_annot_ss_rt	fix_needed	perc_supp_diff	perc_supp_annot_diff	Start	End	Chromosome	Strand	gene_id_known_End_dist	gene_id_known_Start_dist	gene_id_known_rt_End_dist	gene_id_known_rt_Start_dist	pred	fix_needed	Name	
56	22	ENSG00000234857.2	TALONT000965659	ENSG00000214753	TRUE	14	ISM	Known	2	1	ENST00000301785.6	14	ENSG00000234857	ENST00000403734.2	14	ENSG00000234857	26	46	100	100	53.84615384615385	30.434782608695656	no	0	23.41137123745819	62721837	62727384	chr11	-	-90	-1026	2	31563	yes	no	TALONT000965659	
118	12	ENSG00000259030.7	TALONT000930071	ENSG00000116783	TRUE	42	NIC	Known	2	1	ENST00000326637.7	41	ENSG00000259030	ENST00000370899.7	41	ENSG00000259030	48	46	97.61904761904762	97.61904761904762	85.41666666666666	89.13043478260869	yes	0	-3.713768116	74235400	74464925	chr1	+	-1378	0	-2	-37137	no	yes	TALONT000930071	
197	151	ENSG00000284874.1	TALONT000347527	ENSG00000184702	TRUE	16	NIC	Known	2	1	ENST00000383045.7	16	ENSG00000284874	ENST00000455843.5	16	ENSG00000284874	20	22	100	100	80	72.72727272727273	no	0	7.272727272727266	19718468	19724772	chr22	+	-550	-11	-2	0	yes	no	TALONT000347527	
198	152	ENSG00000284874.1	TALONT000347957	ENSG00000184702	TRUE	14	ISM	Known	2	1	ENST00000455784.6	14	ENSG00000284874	ENST00000431044.5	14	ENSG00000284874	22	22	100	100	63.63636363636363	63.63636363636363	no	0	0	19720114	19724772	chr22	+	-550	73	-2	-1646	yes	no	TALONT000347957	
199	129	ENSG00000284879.1	TALONT002262242	ENSG00000234231	TRUE	24	ISM	Known	2	1	ENST00000427434.2	21	ENSG00000284879	ENST00000646855.1	23	ENSG00000284879	28	42	87.5	95.83333333333334	75	54.761904761904766	yes	-8.333333333	20.238095238095237	87707761	87739214	chr2	+	-1111	-6778	-2	-252274	no	yes	TALONT002262242	should have gotten it right
212	215	ENSG00000285602.1	TALONT001223369	ENSG00000130234	TRUE	28	ISM	Known	2	1	ENST00000252519.7	28	ENSG00000285602	ENST00000649243.1	28	ENSG00000285602	34	38	100	100	82.35294117647058	73.68421052631578	yes	0	8.66873065	15561046	15600917	chrX	-	-99	11	-74693	0	no	yes	TALONT001223369	should have gotten it right