	Unnamed: 0	Unnamed: 0.1	gene_id	Name	gene_id_known	known	n_ss	transcript_novelty	gene_novelty	n_genes	n_genes_no_rt	Name_supp	n_supp_ss	gene_id_known_rt	Name_supp_rt	n_supp_ss_rt	gid	n_supp_total_ss	n_supp_total_ss_rt	perc_supp_ss	perc_supp_ss_rt	perc_supp_annot_ss	perc_supp_annot_ss_rt	fix_needed	perc_supp_diff	perc_supp_annot_diff	Start	End	Chromosome	Strand	gene_id_known_End_dist	gene_id_known_Start_dist	gene_id_known_rt_End_dist	gene_id_known_rt_Start_dist	gene_id_known_End_dist_abs	gene_id_known_Start_dist_abs	gene_id_known_rt_End_dist_abs	gene_id_known_rt_Start_dist_abs
18	18	135	ENSG00000026036.22	TALONT001116478	ENSG00000243509	True	2	ISM	Known	2	1	ENST00000369996.2	2	ENSG00000026036	ENST00000480273.5	2	ENSG00000026036	4	38	100.0	100.0	50.0	5.263157894736842	no	0.0	44.73684210526316	63695979	63698680	chr20	+	6	671	-2	-7810	6	671	2	7810
21	21	152	ENSG00000284874.1	TALONT000347957	ENSG00000184702	True	14	ISM	Known	2	1	ENST00000455784.6	14	ENSG00000284874	ENST00000431044.5	14	ENSG00000284874	22	22	100.0	100.0	63.63636363636363	63.63636363636363	no	0.0	0.0	19720114	19724772	chr22	+	-550	73	-2	-1646	550	73	2	1646
22	22	130	ENSG00000284879.1	TALONT002262246	ENSG00000234231	True	24	ISM	Known	2	1	ENST00000427434.2	22	ENSG00000284879	ENST00000643276.1	24	ENSG00000284879	28	34	91.66666666666666	100.0	78.57142857142857	70.58823529411765	no	-8.333333333	7.983193277310917	87707761	87739214	chr2	+	-1111	-6778	-2	-252274	1111	6778	2	252274
23	23	196	ENSG00000285162.1	TALONT001652026	ENSG00000106069	True	28	NIC	Known	2	1	ENST00000222792.10	23	ENSG00000285162	ENST00000644824.1	26	ENSG00000285162	24	32	82.14285714285714	92.85714285714286	95.83333333333334	81.25	no	-10.71428571	14.583333333333345	29146588	29514328	chr7	+	-1	0	341	-18568	1	0	341	18568
24	24	197	ENSG00000285162.1	TALONT001652032	ENSG00000106069	True	30	NIC	Known	2	1	ENST00000222792.10	23	ENSG00000285162	ENST00000644824.1	26	ENSG00000285162	24	32	76.66666666666667	86.66666666666667	95.83333333333334	81.25	no	-10.0	14.583333333333345	29146588	29514328	chr7	+	-1	0	341	-18568	1	0	341	18568
