	Unnamed: 0	gene_id	Name	gene_id_known	known	n_ss	transcript_novelty	gene_novelty	n_genes	n_genes_no_rt	Name_supp	n_supp_ss	gene_id_known_rt	Name_supp_rt	n_supp_ss_rt	gid	n_supp_total_ss	n_supp_total_ss_rt	perc_supp_ss	perc_supp_ss_rt	perc_supp_annot_ss	perc_supp_annot_ss_rt	fix_needed	perc_supp_diff	perc_supp_annot_diff	Start	End	Chromosome	Strand	gene_id_known_End_dist	gene_id_known_Start_dist	gene_id_known_rt_End_dist	gene_id_known_rt_Start_dist	pred	fix_needed	Name	
118	12	ENSG00000259030.7	TALONT000930071	ENSG00000116783	TRUE	42	NIC	Known	2	1	ENST00000326637.7	41	ENSG00000259030	ENST00000370899.7	41	ENSG00000259030	48	46	97.61904761904762	97.61904761904762	85.41666666666666	89.13043478260869	yes	0	-3.713768116	74235400	74464925	chr1	+	-1378	0	-2	-37137	no	yes	TALONT000930071	should have gotten it right
197	151	ENSG00000284874.1	TALONT000347527	ENSG00000184702	TRUE	16	NIC	Known	2	1	ENST00000383045.7	16	ENSG00000284874	ENST00000455843.5	16	ENSG00000284874	20	22	100	100	80	72.72727272727273	no	0	7.272727272727266	19718468	19724772	chr22	+	-550	-11	-2	0	yes	no	TALONT000347527	should have gotten it right
200	130	ENSG00000284879.1	TALONT002262246	ENSG00000234231	TRUE	24	ISM	Known	2	1	ENST00000427434.2	22	ENSG00000284879	ENST00000643276.1	24	ENSG00000284879	28	34	91.66666666666666	100	78.57142857142857	70.58823529411765	yes	-8.333333333	7.983193277310917	87707761	87739214	chr2	+	-1111	-6778	-2	-252274	no	yes	TALONT002262246	
212	215	ENSG00000285602.1	TALONT001223369	ENSG00000130234	TRUE	28	ISM	Known	2	1	ENST00000252519.7	28	ENSG00000285602	ENST00000649243.1	28	ENSG00000285602	34	38	100	100	82.35294117647058	73.68421052631578	yes	0	8.66873065	15561046	15600917	chrX	-	-99	11	-74693	0	no	yes	TALONT001223369	should have gotten it right