	Unnamed: 0	gene_id	Name	gene_id_known	known	n_ss	transcript_novelty	gene_novelty	n_genes	n_genes_no_rt	Name_supp	n_supp_ss	gene_id_known_rt	Name_supp_rt	n_supp_ss_rt	gid	n_supp_total_ss	n_supp_total_ss_rt	perc_supp_ss	perc_supp_ss_rt	perc_supp_annot_ss	perc_supp_annot_ss_rt	fix_needed	perc_supp_diff	perc_supp_annot_diff	Start	End	Chromosome	Strand	gene_id_known_End_dist	gene_id_known_Start_dist	gene_id_known_rt_End_dist	gene_id_known_rt_Start_dist	pred
197	151	ENSG00000284874.1	TALONT000347527	ENSG00000184702	True	16	NIC	Known	2	1	ENST00000383045.7	16	ENSG00000284874	ENST00000455843.5	16	ENSG00000284874	20	22	100.0	100.0	80.0	72.72727272727273	no	0.0	7.272727272727266	19718468	19724772	chr22	+	-550	-11	-2	0	yes
200	130	ENSG00000284879.1	TALONT002262246	ENSG00000234231	True	24	ISM	Known	2	1	ENST00000427434.2	22	ENSG00000284879	ENST00000643276.1	24	ENSG00000284879	28	34	91.66666666666666	100.0	78.57142857142857	70.58823529411765	no	-8.333333333	7.983193277310917	87707761	87739214	chr2	+	-1111	-6778	-2	-252274	yes
