	Unnamed: 0	gene_id	Name	gene_id_known	known	n_ss	transcript_novelty	gene_novelty	n_genes	n_genes_no_rt	Name_supp	n_supp_ss	gene_id_known_rt	Name_supp_rt	n_supp_ss_rt	gid	n_supp_total_ss	n_supp_total_ss_rt	perc_supp_ss	perc_supp_ss_rt	perc_supp_annot_ss	perc_supp_annot_ss_rt	fix_needed	perc_supp_diff	perc_supp_annot_diff	Start	End	Chromosome	Strand	gene_id_known_End_dist	gene_id_known_Start_dist	gene_id_known_rt_End_dist	gene_id_known_rt_Start_dist	pred	fix_needed	Name	notes 1	notes 2
56	22	ENSG00000234857.2	TALONT000965659	ENSG00000214753	TRUE	14	ISM	Known	2	1	ENST00000301785.6	14	ENSG00000234857	ENST00000403734.2	14	ENSG00000234857	26	46	100	100	53.84615384615385	30.434782608695656	yes	0	23.41137123745819	62721837	62727384	chr11	-	-90	-1026	2	31563	no	yes	TALONT000965659	don't care that this was pred wrong / idk now that I look at it again	tf now this is wrong? This needs a fix…
105	82	ENSG00000257950.3	TALONT000271619	ENSG00000083454	TRUE	22	ISM	Known	2	1	ENST00000225328.9	21	ENSG00000257950	ENST00000550383.1	22	ENSG00000257950	22	28	95.45454545454544	100	95.45454545454544	78.57142857142857	yes	-4.545454545	16.883116883116884	3671650	3696194	chr17	-	-24	-548	2	8588	no	yes	TALONT000271619	This should have gotten it right	
197	151	ENSG00000284874.1	TALONT000347527	ENSG00000184702	TRUE	16	NIC	Known	2	1	ENST00000383045.7	16	ENSG00000284874	ENST00000455843.5	16	ENSG00000284874	20	22	100	100	80	72.72727272727273	no	0	7.272727272727266	19718468	19724772	chr22	+	-550	-11	-2	0	yes	no	TALONT000347527	This should have gotten it right	
200	130	ENSG00000284879.1	TALONT002262246	ENSG00000234231	TRUE	24	ISM	Known	2	1	ENST00000427434.2	22	ENSG00000284879	ENST00000643276.1	24	ENSG00000284879	28	34	91.66666666666666	100	78.57142857142857	70.58823529411765	yes	-8.333333333	7.983193277310917	87707761	87739214	chr2	+	-1111	-6778	-2	-252274	no	yes	TALONT002262246		