	Unnamed: 0	gene_id	Name	gene_id_known	known	n_ss	transcript_novelty	gene_novelty	n_genes	n_genes_no_rt	Name_supp	n_supp_ss	gene_id_known_rt	Name_supp_rt	n_supp_ss_rt	gid	n_supp_total_ss	n_supp_total_ss_rt	perc_supp_ss	perc_supp_ss_rt	perc_supp_annot_ss	perc_supp_annot_ss_rt	fix_needed	perc_supp_diff	perc_supp_annot_diff	Start	End	Chromosome	Strand	gene_id_known_End_dist	gene_id_known_Start_dist	gene_id_known_rt_End_dist	gene_id_known_rt_Start_dist	pred
4	120	ENSG00000105501.12	TALONT001003889	ENSG00000268500	True	16	ISM	Known	2	1	ENST00000429354.3	15	ENSG00000105501	ENST00000534261.3	16	ENSG00000105501	16	18	93.75	100.0	93.75	88.88888888888889	no	-6.25	4.861111111111114	51611926	51630666	chr19	-	-16136	-164	-14881	0	yes
56	22	ENSG00000234857.2	TALONT000965659	ENSG00000214753	True	14	ISM	Known	2	1	ENST00000301785.6	14	ENSG00000234857	ENST00000403734.2	14	ENSG00000234857	26	46	100.0	100.0	53.84615384615385	30.434782608695656	yes	0.0	23.41137123745819	62721837	62727384	chr11	-	-90	-1026	2	31563	no
105	82	ENSG00000257950.3	TALONT000271619	ENSG00000083454	True	22	ISM	Known	2	1	ENST00000225328.9	21	ENSG00000257950	ENST00000550383.1	22	ENSG00000257950	22	28	95.45454545454544	100.0	95.45454545454544	78.57142857142857	yes	-4.545454545	16.883116883116884	3671650	3696194	chr17	-	-24	-548	2	8588	no
197	151	ENSG00000284874.1	TALONT000347527	ENSG00000184702	True	16	NIC	Known	2	1	ENST00000383045.7	16	ENSG00000284874	ENST00000455843.5	16	ENSG00000284874	20	22	100.0	100.0	80.0	72.72727272727273	no	0.0	7.272727272727266	19718468	19724772	chr22	+	-550	-11	-2	0	yes
198	152	ENSG00000284874.1	TALONT000347957	ENSG00000184702	True	14	ISM	Known	2	1	ENST00000455784.6	14	ENSG00000284874	ENST00000431044.5	14	ENSG00000284874	22	22	100.0	100.0	63.63636363636363	63.63636363636363	no	0.0	0.0	19720114	19724772	chr22	+	-550	73	-2	-1646	yes
199	129	ENSG00000284879.1	TALONT002262242	ENSG00000234231	True	24	ISM	Known	2	1	ENST00000427434.2	21	ENSG00000284879	ENST00000646855.1	23	ENSG00000284879	28	42	87.5	95.83333333333334	75.0	54.761904761904766	yes	-8.333333333	20.238095238095237	87707761	87739214	chr2	+	-1111	-6778	-2	-252274	no
